高市 早苗,1961/3/7
林 芳正,1961/1/19
平口 洋,1948/8/1
茂木 敏充,1955/10/7
片山 さつき,1959/5/9
松本 洋平,1973/8/31
上野 賢一郎,1965/8/3
鈴木 憲和,1982/1/30
赤澤 亮正,1960/12/18
金子 恭之,1961/2/27
石原 宏高,1964/6/19
小泉 進次郎,1981/4/14
木原 稔,1969/8/12
松本 尚,1962/6/3
牧野 たかお,1959/1/1
あかま 二郎,1968/3/27
黄川田 仁志,1970/10/13
城内 実,1965/4/19
小野田 紀美,1982/12/7
尾崎 正直,1967/9/29
佐藤 啓,1979/10/6
露木 康浩,1963/8/8
岩尾 信行,1961/8/13
尾上 定正,1959/5/31
井上 貴博,1971/8/30
遠藤 敬,1963/1/3
松島 みどり,1956/12/15
宇野 善昌,1964/7/21
今枝 宗一郎,1973/12/20
田所 嘉徳,1954/1/19
瀬戸 隆一,1967/9/19
岩田 和親,1973/9/20
鈴木 隼人,1977/12/6
津島 淳,1966/8/15
堀内 詔子,1965/10/22
高橋 克法,1957/12/7
三谷 英弘,1976/6/26
国光 あやの,1979/9/6
堀井 巌,1965/2/25
中谷 真一,1971/1/6
舞立 昇治,1969/3/17
小林 茂樹,1962/2/9
中村 裕之,1961/2/23
長坂 康正,1961/8/2
仁木 博文,1962/2/9
根本 幸典,1965/4/30
山下 雄平,1979/6/11
井野 俊郎,1964/7/24
山田 賢司,1966/6/11
佐々木 紀,1962/11/1
酒井 庸行,1961/7/4
青山 繁晴,1952/7/13
辻 清人,1979/1/14
宮崎 政久,1965/1/17
